{
  "metadata": {
    "samples": 10000,
    "seed": 123,
    "max_tokens": 1024,
    "timestamp": "20251025_024937"
  },
  "results": {
    "slm": {
      "accuracy": 0.678,
      "avg_latency": 14.114724279403687,
      "total_latency": 7057.362139701843,
      "avg_input_tokens": 90.88,
      "avg_output_tokens": 554.12,
      "total_input_tokens": 45440,
      "total_output_tokens": 277060
    }
  }
}