{
  "metadata": {
    "samples": 500,
    "seed": 0,
    "max_tokens": 8000,
    "timestamp": "20251120_062454"
  },
  "results": {
    "llm": {
      "accuracy": 0.886,
      "avg_latency": 10.122984294891358,
      "total_latency": 5061.492147445679,
      "avg_input_tokens": 118.888,
      "avg_output_tokens": 921.066,
      "total_input_tokens": 59444,
      "total_output_tokens": 460533
    }
  }
}