{
  "metadata": {
    "samples": 10,
    "seed": 0,
    "max_tokens": 16000,
    "timestamp": "20251113_063814"
  },
  "results": {
    "router": {
      "accuracy": 0.9,
      "avg_latency": 11.115321350097656,
      "total_latency": 111.15321350097656,
      "avg_input_tokens": 188.5,
      "avg_output_tokens": 1469.8,
      "total_input_tokens": 1885,
      "total_output_tokens": 14698
    }
  }
}